Regimen,Q1,Median,Q3,IQR,Lower Bound,Upper Bound,Outlier Count,Outlier Values
Capomulin,32.602072750000005,36.292719000000005,39.42328275,6.821209999999994,22.370257750000015,49.65509774999999,0,[]
Ramicane,36.870863,38.944774,41.167822,4.296959000000001,30.4254245,47.6132605,0,[]
Infubinol,46.944751,49.546962,55.641414,8.696663000000001,33.899756499999995,68.6864085,0,[]
Ceftamin,51.695679,55.48854,58.752347,7.056668000000002,41.110676999999995,69.337349,1,[71.820674]
